month,day,year,sno,state,total_schools,reported_schools,meal_not_served,food_grains,fund,cook_cum_helper,ngo_shg,holidays,others
1,5,2026,1,ANDHRA PRADESH,43218,43177,3,0,0,0,0,0,3
1,5,2026,2,ASSAM,43785,33027,3,1,0,1,0,0,1
1,5,2026,3,BIHAR,65961,6185,1469,4,1,3,1,196,1264
1,5,2026,4,GOA,1216,1161,20,0,0,0,0,20,0
1,5,2026,5,GUJARAT,32251,31816,59,0,0,24,1,5,29
1,5,2026,6,MADHYA PRADESH,88192,56740,3707,107,2,2,1,2571,1024
1,5,2026,7,MAHARASHTRA,83605,78131,959,0,7,188,0,580,184
1,5,2026,8,ODISHA,50354,37390,12,0,0,1,0,0,11
1,5,2026,9,PUDUCHERRY,427,427,1,0,0,0,0,1,0
1,5,2026,10,TAMIL NADU,41658,39679,54,0,0,0,0,6,48
1,5,2026,11,TRIPURA,4327,4282,1534,4,0,0,2,1505,23
1,5,2026,12,WEST BENGAL,81824,74042,4119,3,0,18,4,1419,2675
1,6,2026,1,ANDHRA PRADESH,43218,43169,4,0,0,0,0,0,4
1,6,2026,2,ASSAM,43785,29692,7,0,0,0,0,4,3
1,6,2026,3,BIHAR,65961,4768,1360,2,0,1,0,176,1181
1,6,2026,4,GOA,1216,1213,38,0,0,0,0,38,0
1,6,2026,5,GUJARAT,32251,31745,90,5,0,26,0,6,53
1,6,2026,6,MADHYA PRADESH,88192,45748,2999,67,2,1,2,2725,202
1,6,2026,7,MAHARASHTRA,83605,75749,605,0,10,188,0,132,275
1,6,2026,8,ODISHA,50354,42767,17,0,0,0,0,1,16
1,6,2026,9,TAMIL NADU,41658,39580,70,0,0,0,0,8,62
1,6,2026,10,TRIPURA,4327,347,340,11,0,0,2,311,16
1,6,2026,11,WEST BENGAL,81824,69643,5002,0,0,16,3,2328,2655
1,7,2026,1,A & N ISLANDS,325,325,1,0,0,0,0,1,0
1,7,2026,2,ANDHRA PRADESH,43218,43155,4,0,0,0,0,0,4
1,7,2026,3,ASSAM,43785,34350,6,0,0,0,0,6,0
1,7,2026,4,BIHAR,65961,7783,1108,4,1,1,2,135,965
1,7,2026,5,GOA,1216,1216,16,0,0,0,0,16,0
1,7,2026,6,GUJARAT,32251,31759,72,0,0,27,0,7,38
1,7,2026,7,MADHYA PRADESH,88192,55822,4836,86,2,0,2,2310,2436
1,7,2026,8,MAHARASHTRA,83605,74830,739,0,9,208,0,232,290
1,7,2026,9,MIZORAM,2481,1433,4,0,0,0,0,2,2
1,7,2026,10,ODISHA,50354,42571,21,0,0,0,0,2,19
1,7,2026,11,TAMIL NADU,41658,37464,67,0,0,0,0,14,53
1,7,2026,12,TRIPURA,4327,142,138,15,0,0,3,106,14
1,7,2026,13,WEST BENGAL,81824,73953,1791,2,2,19,4,490,1274
1,8,2026,1,A & N ISLANDS,325,325,7,0,0,0,0,6,1
1,8,2026,2,ANDHRA PRADESH,43218,43115,3,0,0,0,0,0,3
1,8,2026,3,ASSAM,43785,31714,506,3,0,1,0,452,50
1,8,2026,4,GOA,1216,1216,13,0,0,0,0,13,0
1,8,2026,5,GUJARAT,32251,31795,80,2,1,25,0,4,48
1,8,2026,6,MADHYA PRADESH,88192,68098,5769,128,1,1,14,2740,2885
1,8,2026,7,MAHARASHTRA,83605,77368,972,0,7,212,0,304,449
1,8,2026,8,MIZORAM,2481,1495,32,0,0,0,0,32,0
1,8,2026,9,ODISHA,50354,42912,19,0,0,0,0,2,17
1,8,2026,10,TRIPURA,4327,138,135,5,0,0,0,122,8
1,8,2026,11,WEST BENGAL,81824,77235,1156,1,0,15,2,114,1024
1,9,2026,1,A & N ISLANDS,325,325,16,0,0,0,0,16,0
1,9,2026,2,ANDHRA PRADESH,43218,43149,2,0,0,0,0,0,2
1,9,2026,3,ASSAM,43785,34701,450,1,0,0,0,362,87
1,9,2026,4,BIHAR,65961,8652,926,0,2,0,3,189,732
1,9,2026,5,GOA,1216,1216,11,0,0,0,0,7,4
1,9,2026,6,GUJARAT,32251,31732,92,0,1,24,1,9,57
1,9,2026,7,HIMACHAL PRADESH,14416,8011,42,1,0,0,0,29,12
1,9,2026,8,MADHYA PRADESH,88192,68527,5303,106,0,1,1,1945,3250
1,9,2026,9,MAHARASHTRA,83605,78551,629,0,10,225,0,157,237
1,9,2026,10,ODISHA,50354,41441,298,0,0,0,0,137,161
1,9,2026,11,TAMIL NADU,41658,39335,206,0,0,0,0,138,68
1,9,2026,12,TRIPURA,4327,78,77,9,0,0,0,60,8
1,9,2026,13,WEST BENGAL,81824,75085,1525,1,0,16,2,370,1136
1,10,2026,1,ASSAM,43785,30271,324,7,0,1,0,263,53
1,10,2026,2,BIHAR,65961,7320,974,0,2,0,0,128,844
1,10,2026,3,DNH & DD,304,304,2,0,0,0,0,2,0
1,10,2026,4,GOA,1216,1216,21,1,0,0,0,18,2
1,10,2026,5,GUJARAT,32251,31679,81,2,2,32,0,5,40
1,10,2026,6,MADHYA PRADESH,88192,67459,3755,132,3,2,0,1444,2174
1,10,2026,7,MAHARASHTRA,83605,77069,495,0,6,229,0,84,176
1,10,2026,8,ODISHA,50354,39240,13,0,0,0,0,1,12
1,10,2026,9,RAJASTHAN,67628,24644,8062,14,0,6,1,6047,1994
1,10,2026,10,TRIPURA,4327,60,58,4,0,0,2,47,5
1,10,2026,11,WEST BENGAL,81824,75907,1265,0,0,22,1,162,1080
1,11,2026,NA,NA,0,0,0,0,0,0,0,0,0
1,12,2026,1,ASSAM,43785,41241,328,0,0,0,0,276,52
1,12,2026,2,BIHAR,65961,21235,838,3,2,1,1,101,730
1,12,2026,3,GOA,1216,1216,36,0,0,0,0,36,0
1,12,2026,4,GUJARAT,32251,31772,80,2,0,28,0,7,43
1,12,2026,5,HIMACHAL PRADESH,14416,7988,34,0,0,0,0,32,2
1,12,2026,6,MADHYA PRADESH,88192,83989,1015,50,0,4,3,578,380
1,12,2026,7,MAHARASHTRA,83605,72007,1401,0,7,251,0,940,203
1,12,2026,8,ODISHA,50354,42097,24,0,0,1,0,0,23
1,12,2026,9,TAMIL NADU,41658,39582,58,1,0,0,0,6,51
1,12,2026,10,TRIPURA,4327,4147,1426,7,0,0,1,1413,5
1,13,2026,1,A & N ISLANDS,325,325,14,0,0,0,0,14,0
1,13,2026,2,ASSAM,43785,38006,293,30,0,0,0,206,57
1,13,2026,3,BIHAR,65961,26347,794,4,1,3,3,83,700
1,13,2026,4,GOA,1216,1216,14,0,0,0,0,12,2
1,13,2026,5,GUJARAT,32251,31523,173,1,0,24,0,100,48
1,13,2026,6,HIMACHAL PRADESH,14416,6614,35,0,0,0,0,28,7
1,13,2026,7,MADHYA PRADESH,88192,85475,998,18,0,0,3,580,397
1,13,2026,8,MAHARASHTRA,83605,77433,901,0,5,233,0,459,204
1,13,2026,9,ODISHA,50354,42324,33,0,0,0,0,2,31
1,13,2026,10,RAJASTHAN,67628,41430,3621,50,2,35,3,2662,869
1,13,2026,11,TAMIL NADU,41658,38629,64,0,0,0,0,7,57
1,13,2026,12,TRIPURA,4327,4232,1482,12,0,0,0,1462,8
1,13,2026,13,WEST BENGAL,81824,69679,5677,3,0,44,2,2474,3154
1,14,2026,1,BIHAR,65961,80,26,0,0,0,0,25,1
1,14,2026,2,GOA,1216,1216,66,1,0,0,0,64,1
1,14,2026,3,HIMACHAL PRADESH,14416,3260,117,0,0,0,2,112,3
1,14,2026,4,MADHYA PRADESH,88192,59967,967,33,0,4,3,637,290
1,14,2026,5,MAHARASHTRA,83605,26235,2418,0,3,109,0,1863,443
1,14,2026,6,MIZORAM,2481,1760,1,0,0,0,0,0,1
1,14,2026,7,TRIPURA,4327,94,16,2,0,0,0,9,5
1,14,2026,8,WEST BENGAL,81824,40691,12698,2,0,95,16,6060,6525
1,15,2026,1,A & N ISLANDS,325,325,2,0,0,0,0,2,0
1,15,2026,2,BIHAR,65961,54754,462,5,8,14,22,5,408
1,15,2026,3,GOA,1216,1172,12,0,0,0,0,11,1
1,15,2026,4,GUJARAT,32251,7593,532,1,2,25,0,484,20
1,15,2026,5,HIMACHAL PRADESH,14416,9051,31,0,0,0,0,29,2
1,15,2026,6,MADHYA PRADESH,88192,82455,3010,34,1,6,5,2583,381
1,15,2026,7,MAHARASHTRA,83605,66823,1543,0,8,212,0,977,346
1,15,2026,8,MIZORAM,2481,1839,4,0,0,0,0,1,3
1,15,2026,9,ODISHA,50354,40238,55,0,0,0,0,5,50
1,15,2026,10,RAJASTHAN,67628,42744,3658,42,0,27,35,3075,479
1,15,2026,11,TRIPURA,4327,4315,7,3,0,0,0,1,3
1,15,2026,12,UTTARAKHAND,16273,11158,1255,0,0,0,0,1214,41
1,15,2026,13,WEST BENGAL,81824,73238,6024,1,1,75,2,997,4948
1,16,2026,1,A & N ISLANDS,325,325,1,0,0,0,0,1,0
1,16,2026,2,ASSAM,43785,39349,4,0,0,0,0,0,4
1,16,2026,3,BIHAR,65961,54345,502,4,4,3,7,422,62
1,16,2026,4,DELHI,2793,2498,3,0,0,0,0,0,3
1,16,2026,5,GOA,1216,1216,146,3,0,0,0,140,3
1,16,2026,6,GUJARAT,32251,31770,116,3,1,27,0,40,45
1,16,2026,7,HIMACHAL PRADESH,14416,9068,33,0,0,0,0,29,4
1,16,2026,8,MADHYA PRADESH,88192,86464,1019,20,0,2,1,580,416
1,16,2026,9,MAHARASHTRA,83605,77190,749,0,6,237,0,291,215
1,16,2026,10,MIZORAM,2481,1933,1,0,0,0,0,0,1
1,16,2026,11,ODISHA,50354,43344,250,0,0,0,0,182,68
1,16,2026,12,PUNJAB,19574,411,2,0,0,0,0,1,1
1,16,2026,13,RAJASTHAN,67628,49345,1436,69,1,29,10,971,356
1,16,2026,14,TRIPURA,4327,4297,58,0,0,0,0,42,16
1,16,2026,15,UTTAR PRADESH,141688,106521,802,35,12,19,20,64,652
1,16,2026,16,UTTARAKHAND,16273,12883,2100,0,0,0,0,1883,217
1,16,2026,17,WEST BENGAL,81824,75972,2622,1,0,26,1,721,1873
1,17,2026,1,A & N ISLANDS,325,325,11,0,0,0,0,11,0
1,17,2026,2,ASSAM,43785,40965,16,1,0,0,0,1,14
1,17,2026,3,BIHAR,65961,58071,57,3,2,8,2,0,42
1,17,2026,4,DELHI,2793,2739,2,0,0,0,0,0,2
1,17,2026,5,GOA,1216,1216,34,2,0,0,0,30,2
1,17,2026,6,GUJARAT,32251,31711,75,0,1,31,1,4,38
1,17,2026,7,HIMACHAL PRADESH,14416,8534,38,1,0,0,0,29,8
1,17,2026,8,MADHYA PRADESH,88192,83558,905,35,1,4,3,471,391
1,17,2026,9,MAHARASHTRA,83605,75862,738,0,8,228,0,289,213
1,17,2026,10,ODISHA,50354,41786,113,0,0,0,0,75,38
1,17,2026,11,PUNJAB,19574,15607,46,0,0,0,0,35,11
1,17,2026,12,RAJASTHAN,67628,47597,1199,73,1,27,3,813,282
1,17,2026,13,TRIPURA,4327,4315,119,4,0,0,0,95,20
1,17,2026,14,UTTAR PRADESH,141688,104471,1163,41,23,24,19,364,692
1,17,2026,15,UTTARAKHAND,16273,13787,1923,0,0,0,0,1697,226
1,17,2026,16,WEST BENGAL,81824,75145,1762,2,1,16,1,345,1397
1,18,2026,NA,NA,0,0,0,0,0,0,0,0,0
1,19,2026,1,A & N ISLANDS,325,325,2,0,0,0,0,2,0
1,19,2026,2,ANDHRA PRADESH,43218,43119,6,0,0,0,0,0,6
1,19,2026,3,ASSAM,43785,42441,2,0,0,0,0,0,2
1,19,2026,4,BIHAR,65961,59051,76,3,1,6,3,1,62
1,19,2026,5,DELHI,2793,2751,3,0,0,0,0,0,3
1,19,2026,6,GOA,1216,1216,17,0,0,0,0,16,1
1,19,2026,7,GUJARAT,32251,31856,75,3,0,28,0,4,40
1,19,2026,8,HARYANA,14197,12527,1,0,0,0,0,0,1
1,19,2026,9,HIMACHAL PRADESH,14416,8780,35,0,0,0,0,29,6
1,19,2026,10,MADHYA PRADESH,88192,86501,451,17,0,3,0,1,430
1,19,2026,11,MAHARASHTRA,83605,78341,581,0,8,252,0,162,159
1,19,2026,12,MIZORAM,2481,2017,1,0,0,0,0,0,1
1,19,2026,13,ODISHA,50354,36891,44,0,0,0,0,15,29
1,19,2026,14,PUNJAB,19574,18206,18,0,0,0,0,1,17
1,19,2026,15,RAJASTHAN,67628,48308,652,72,0,16,4,368,192
1,19,2026,16,TAMIL NADU,41658,39212,68,0,0,0,0,22,46
1,19,2026,17,TRIPURA,4327,4315,4,0,0,0,0,0,4
1,19,2026,18,UTTAR PRADESH,141688,131681,683,35,21,14,43,61,509
1,19,2026,19,UTTARAKHAND,16273,14168,1433,0,0,0,0,1209,224
1,19,2026,20,WEST BENGAL,81824,76802,1162,4,1,38,3,128,988
1,20,2026,1,A & N ISLANDS,325,325,1,0,0,0,0,1,0
1,20,2026,2,ANDHRA PRADESH,43218,43115,4,0,0,0,0,0,4
1,20,2026,3,ASSAM,43785,42084,3,2,0,0,0,0,1
1,20,2026,4,BIHAR,65961,59480,70,3,3,11,1,0,52
1,20,2026,5,DELHI,2793,2788,4,0,0,0,0,0,4
1,20,2026,6,GOA,1216,1216,8,0,0,0,0,8,0
1,20,2026,7,GUJARAT,32251,30877,129,3,1,25,1,21,78
1,20,2026,8,HARYANA,14197,13003,1,0,0,0,0,0,1
1,20,2026,9,HIMACHAL PRADESH,14416,8654,37,1,0,0,1,28,7
1,20,2026,10,MADHYA PRADESH,88192,86205,428,17,0,2,2,1,406
1,20,2026,11,MAHARASHTRA,83605,78290,433,0,4,232,0,65,132
1,20,2026,12,MIZORAM,2481,1969,1,1,0,0,0,0,0
1,20,2026,13,ODISHA,50354,36580,10,0,0,0,0,0,10
1,20,2026,14,PUNJAB,19574,16808,15,0,0,0,0,1,14
1,20,2026,15,RAJASTHAN,67628,50327,503,104,1,24,6,177,191
1,20,2026,16,TAMIL NADU,41658,39447,129,0,1,17,0,19,92
1,20,2026,17,TRIPURA,4327,4316,4,1,0,0,0,1,2
1,20,2026,18,UTTAR PRADESH,141688,134516,653,33,20,15,25,57,503
1,20,2026,19,UTTARAKHAND,16273,15447,1814,0,0,0,0,1598,216
1,20,2026,20,WEST BENGAL,81824,76987,1157,1,1,11,2,159,983
1,21,2026,1,A & N ISLANDS,325,325,6,0,0,0,0,6,0
1,21,2026,2,ANDHRA PRADESH,43218,43141,3,0,0,0,0,0,3
1,21,2026,3,ASSAM,43785,39768,1,0,0,0,0,0,1
1,21,2026,4,BIHAR,65961,59442,74,5,2,3,1,0,63
1,21,2026,5,DELHI,2793,2783,6,0,0,0,0,0,6
1,21,2026,6,GOA,1216,1216,21,0,0,0,0,21,0
1,21,2026,7,GUJARAT,32251,31765,71,2,0,29,0,3,37
1,21,2026,8,HARYANA,14197,13413,2,0,0,1,0,0,1
1,21,2026,9,HIMACHAL PRADESH,14416,8712,34,0,0,0,0,29,5
1,21,2026,10,MADHYA PRADESH,88192,85637,422,23,2,1,1,1,394
1,21,2026,11,MAHARASHTRA,83605,78369,380,0,9,201,0,28,142
1,21,2026,12,MIZORAM,2481,1976,1,0,0,0,0,0,1
1,21,2026,13,ODISHA,50354,35822,31,1,0,0,0,1,29
1,21,2026,14,PUDUCHERRY,427,427,1,0,0,0,0,0,1
1,21,2026,15,PUNJAB,19574,17173,18,0,0,0,0,3,15
1,21,2026,16,RAJASTHAN,67628,49408,283,83,1,29,5,39,126
1,21,2026,17,TAMIL NADU,41658,39831,78,0,0,0,0,13,65
1,21,2026,18,TRIPURA,4327,4309,5,1,0,0,0,1,3
1,21,2026,19,UTTAR PRADESH,141688,136868,520,29,25,7,15,39,405
1,21,2026,20,UTTARAKHAND,16273,15413,1804,0,0,0,0,1582,222
1,21,2026,21,WEST BENGAL,81824,76741,1226,0,1,4,0,177,1044
1,22,2026,1,ANDHRA PRADESH,43218,42912,4,0,0,0,0,0,4
1,22,2026,2,ASSAM,43785,41285,4,0,1,0,0,0,3
1,22,2026,3,BIHAR,65961,59062,62,4,2,4,1,0,51
1,22,2026,4,DELHI,2793,2756,2,0,0,0,0,0,2
1,22,2026,5,GOA,1216,1216,102,2,0,0,0,99,1
1,22,2026,6,GUJARAT,32251,31734,79,3,0,29,1,3,43
1,22,2026,7,HARYANA,14197,13348,1,0,0,0,0,0,1
1,22,2026,8,HIMACHAL PRADESH,14416,8602,33,0,0,0,0,29,4
1,22,2026,9,MADHYA PRADESH,88192,85822,431,19,2,0,0,0,410
1,22,2026,10,MAHARASHTRA,83605,75343,560,0,7,168,0,223,162
1,22,2026,11,ODISHA,50354,26977,5,0,0,0,0,0,5
1,22,2026,12,PUDUCHERRY,427,427,1,0,0,0,0,0,1
1,22,2026,13,PUNJAB,19574,17505,10,0,0,0,0,1,9
1,22,2026,14,RAJASTHAN,67628,49951,270,91,1,24,5,31,118
1,22,2026,15,TAMIL NADU,41658,39794,61,1,0,0,0,12,48
1,22,2026,16,TRIPURA,4327,4316,4,0,0,0,0,0,4
1,22,2026,17,UTTAR PRADESH,141688,137880,434,30,21,12,22,28,321
1,22,2026,18,UTTARAKHAND,16273,15345,1667,0,0,0,0,1607,60
1,23,2026,1,A & N ISLANDS,325,325,4,0,0,0,0,4,0
1,23,2026,2,ANDHRA PRADESH,43218,43114,2,0,0,0,0,0,2
1,23,2026,3,DELHI,2793,2755,2,0,0,0,0,0,2
1,23,2026,4,GOA,1216,1169,35,0,0,0,0,35,0
1,23,2026,5,GUJARAT,32251,25617,167,0,0,18,0,105,44
1,23,2026,6,HIMACHAL PRADESH,14416,8368,43,0,0,0,0,29,14
1,23,2026,7,MADHYA PRADESH,88192,84906,433,20,0,0,0,3,410
1,23,2026,8,MAHARASHTRA,83605,76771,732,0,6,156,0,367,203
1,23,2026,9,ODISHA,50354,13041,10,0,0,0,0,0,10
1,23,2026,10,PUNJAB,19574,15777,181,0,0,0,0,159,22
1,23,2026,11,RAJASTHAN,67628,44497,23922,43,3,9,11,22,23834
1,23,2026,12,TAMIL NADU,41658,39431,204,0,0,0,0,148,56
1,23,2026,13,TRIPURA,4327,23,11,1,0,0,0,5,5
1,24,2026,1,ANDHRA PRADESH,43218,43166,8,0,0,0,0,0,8
1,24,2026,2,ASSAM,43785,39612,16,2,0,0,1,1,12
1,24,2026,3,BIHAR,65961,56842,271,4,3,13,7,0,244
1,24,2026,4,DELHI,2793,2790,33,0,0,0,0,0,33
1,24,2026,5,DNH & DD,304,303,1,0,0,0,0,1,0
1,24,2026,6,GOA,1216,1185,42,1,0,0,0,40,1
1,24,2026,7,GUJARAT,32251,31510,63,0,1,36,0,0,26
1,24,2026,8,HIMACHAL PRADESH,14416,7443,46,3,0,0,3,26,14
1,24,2026,9,MADHYA PRADESH,88192,79561,393,33,0,2,0,1,357
1,24,2026,10,MAHARASHTRA,83605,74588,642,0,8,118,0,295,221
1,24,2026,11,ODISHA,50354,33063,14,0,0,0,0,0,14
1,24,2026,12,PUNJAB,19574,17053,15,0,0,0,0,3,12
1,24,2026,13,RAJASTHAN,67628,47210,3090,79,0,21,6,154,2830
1,24,2026,14,TRIPURA,4327,3740,92,3,0,0,0,48,41
1,24,2026,15,UTTAR PRADESH,141688,137036,425,6,1,1,3,3,411
1,24,2026,16,UTTARAKHAND,16273,901,3,0,0,0,0,2,1
1,24,2026,17,WEST BENGAL,81824,61361,9248,1,2,66,38,930,8211
1,25,2026,NA,NA,0,0,0,0,0,0,0,0,0
1,26,2026,1,HIMACHAL PRADESH,14416,76,1,0,0,0,0,1,0
1,26,2026,2,MADHYA PRADESH,88192,66109,276,18,0,0,0,1,257
1,26,2026,3,MAHARASHTRA,83605,1104,294,0,0,1,0,194,99
1,26,2026,4,ODISHA,50354,27131,15,0,0,0,0,0,15
1,26,2026,5,RAJASTHAN,67628,8296,8147,9,2,3,24,2345,5764
1,26,2026,6,TRIPURA,4327,11,6,0,0,0,0,2,4
1,26,2026,7,UTTARAKHAND,16273,7363,397,0,0,0,0,357,40
1,27,2026,1,ANDHRA PRADESH,43218,42862,3,0,0,0,0,0,3
1,27,2026,2,BIHAR,65961,59542,36,6,0,6,1,0,23
1,27,2026,3,DELHI,2793,2761,3,0,0,0,0,1,2
1,27,2026,4,GOA,1216,1216,20,0,0,0,0,20,0
1,27,2026,5,GUJARAT,32251,31801,68,2,0,28,0,6,32
1,27,2026,6,HARYANA,14197,1242,3,0,0,0,0,2,1
1,27,2026,7,HIMACHAL PRADESH,14416,6977,34,0,0,0,0,29,5
1,27,2026,8,MADHYA PRADESH,88192,85022,443,26,1,3,1,1,411
1,27,2026,9,MAHARASHTRA,83605,77935,555,0,6,124,0,296,129
1,27,2026,10,MANIPUR,3292,2165,1,1,0,0,0,0,0
1,27,2026,11,MIZORAM,2481,1637,4,0,0,0,0,0,4
1,27,2026,12,RAJASTHAN,67628,49579,7617,84,1,28,24,2088,5392
1,27,2026,13,TAMIL NADU,41658,39841,62,0,0,0,0,22,40
1,27,2026,14,TRIPURA,4327,4316,5,1,0,0,0,0,4
1,27,2026,15,UTTAR PRADESH,141688,137243,541,38,21,6,19,21,436
1,27,2026,16,UTTARAKHAND,16273,10651,754,0,0,0,0,725,29
1,27,2026,17,WEST BENGAL,81824,76605,1582,4,1,29,1,186,1361
1,28,2026,1,ANDHRA PRADESH,43218,43014,3,0,0,0,0,0,3
1,28,2026,2,ASSAM,43785,39997,26,2,0,1,0,0,23
1,28,2026,3,BIHAR,65961,59671,28,4,0,4,4,0,16
1,28,2026,4,CHANDIGARH,116,116,4,0,0,0,0,0,4
1,28,2026,5,DELHI,2793,2692,2,0,0,0,0,0,2
1,28,2026,6,GOA,1216,1216,32,1,0,0,0,31,0
1,28,2026,7,GUJARAT,32251,31614,85,3,0,31,0,6,45
1,28,2026,8,HARYANA,14197,13520,2,0,0,1,0,0,1
1,28,2026,9,HIMACHAL PRADESH,14416,8051,36,0,0,0,1,28,7
1,28,2026,10,MADHYA PRADESH,88192,81969,429,23,2,2,1,1,400
1,28,2026,11,MAHARASHTRA,83605,60302,605,0,3,55,0,246,301
1,28,2026,12,ODISHA,50354,26937,86,0,1,0,0,1,84
1,28,2026,13,PUDUCHERRY,427,427,4,0,0,0,0,3,1
1,28,2026,14,PUNJAB,19574,18157,16,0,0,1,0,1,14
1,28,2026,15,RAJASTHAN,67628,50138,377,101,0,34,5,65,172
1,28,2026,16,TAMIL NADU,41658,37219,235,0,0,0,0,173,62
1,28,2026,17,TRIPURA,4327,4316,9,0,0,0,0,5,4
1,28,2026,18,UTTAR PRADESH,141688,132154,337,37,22,12,15,9,242
1,28,2026,19,UTTARAKHAND,16273,4571,572,0,0,0,0,526,46
1,28,2026,20,WEST BENGAL,81824,76786,1300,2,2,11,1,122,1162
1,29,2026,1,ANDHRA PRADESH,43218,40593,2,0,0,0,0,0,2
1,29,2026,2,ASSAM,43785,42616,6,0,0,0,0,1,5
1,29,2026,3,BIHAR,65961,59749,33,8,0,7,2,0,16
1,29,2026,4,DELHI,2793,2734,1,0,0,0,0,0,1
1,29,2026,5,GOA,1216,1118,44,1,0,0,0,43,0
1,29,2026,6,GUJARAT,32251,31594,88,1,1,29,0,5,52
1,29,2026,7,HARYANA,14197,13359,2,0,1,0,0,0,1
1,29,2026,8,HIMACHAL PRADESH,14416,8832,36,2,0,0,0,29,5
1,29,2026,9,MADHYA PRADESH,88192,85976,458,16,3,2,2,1,434
1,29,2026,10,MAHARASHTRA,83605,77379,258,0,2,80,0,77,99
1,29,2026,11,MIZORAM,2481,1994,2,0,0,0,0,1,1
1,29,2026,12,ODISHA,50354,30030,4,0,0,0,0,1,3
1,29,2026,13,PUDUCHERRY,427,323,2,0,0,0,0,0,2
1,29,2026,14,PUNJAB,19574,17858,15,0,0,0,0,1,14
1,29,2026,15,RAJASTHAN,67628,49881,331,104,1,26,4,45,151
1,29,2026,16,TAMIL NADU,41658,39702,71,0,0,0,0,23,48
1,29,2026,17,TRIPURA,4327,4316,4,1,0,0,0,0,3
1,29,2026,18,UTTAR PRADESH,141688,138397,335,29,22,6,22,8,248
1,29,2026,19,UTTARAKHAND,16273,15199,1421,0,0,0,0,1340,81
1,29,2026,20,WEST BENGAL,81824,76862,1403,2,2,14,3,210,1172
1,30,2026,1,ANDHRA PRADESH,43218,43107,4,0,0,0,0,0,4
1,30,2026,2,ASSAM,43785,42406,1,0,0,0,0,0,1
1,30,2026,3,BIHAR,65961,55409,502,7,0,4,1,437,53
1,30,2026,4,DELHI,2793,2778,1,0,0,0,0,0,1
1,30,2026,5,GOA,1216,1216,31,0,0,0,0,31,0
1,30,2026,6,GUJARAT,32251,31587,82,3,0,24,0,14,41
1,30,2026,7,HARYANA,14197,12832,13,0,0,1,0,8,4
1,30,2026,8,HIMACHAL PRADESH,14416,9029,38,0,0,0,0,29,9
1,30,2026,9,MADHYA PRADESH,88192,84297,438,20,1,3,0,0,414
1,30,2026,10,MAHARASHTRA,83605,76583,458,0,1,57,0,231,169
1,30,2026,11,MIZORAM,2481,1875,1,0,0,0,0,0,1
1,30,2026,12,ODISHA,50354,33550,63,0,0,0,0,49,14
1,30,2026,13,PUNJAB,19574,17627,21,0,0,0,0,2,19
1,30,2026,14,RAJASTHAN,67628,50546,340,95,1,29,3,55,157
1,30,2026,15,TAMIL NADU,41658,39327,215,0,0,0,0,158,57
1,30,2026,16,TRIPURA,4327,4316,21,0,0,0,0,3,18
1,30,2026,17,UTTAR PRADESH,141688,137587,359,49,24,14,21,17,234
1,30,2026,18,UTTARAKHAND,16273,15292,1542,0,0,0,0,1389,153
1,30,2026,19,WEST BENGAL,81824,76663,1646,2,1,10,2,301,1330
1,31,2026,1,ANDHRA PRADESH,43218,42969,4,0,0,0,0,0,4
1,31,2026,2,BIHAR,65961,58461,35,8,0,2,0,0,25
1,31,2026,3,CHANDIGARH,116,116,5,0,0,0,0,5,0
1,31,2026,4,DELHI,2793,2776,2,0,0,0,0,0,2
1,31,2026,5,GOA,1216,1216,48,1,0,0,0,44,3
1,31,2026,6,GUJARAT,32251,31514,71,1,0,30,0,5,35
1,31,2026,7,HIMACHAL PRADESH,14416,8641,46,1,0,0,0,29,16
1,31,2026,8,MADHYA PRADESH,88192,79682,367,24,1,2,1,1,338
1,31,2026,9,MAHARASHTRA,83605,74056,402,0,1,53,0,187,161
1,31,2026,10,ODISHA,50354,27760,12,0,0,0,0,0,12
1,31,2026,11,PUNJAB,19574,15019,79,0,0,0,0,66,13
1,31,2026,12,RAJASTHAN,67628,46942,1015,71,1,40,7,612,284
1,31,2026,13,TRIPURA,4327,4307,111,3,0,0,0,73,35
1,31,2026,14,UTTAR PRADESH,141688,137385,362,47,22,13,17,25,238
1,31,2026,15,UTTARAKHAND,16273,14949,1563,0,0,0,0,1455,108
1,31,2026,16,WEST BENGAL,81824,75507,2313,1,0,13,1,287,2011
2,1,2026,NA,NA,0,0,0,0,0,0,0,0,0
2,2,2026,1,ANDHRA PRADESH,43218,42636,1,0,0,0,0,0,1
2,2,2026,2,ASSAM,43785,38764,22,1,0,1,0,0,20
2,2,2026,3,BIHAR,65961,59090,129,11,1,7,0,0,110
2,2,2026,4,DELHI,2793,2778,3,0,0,0,0,0,3
2,2,2026,5,GOA,1216,1216,47,1,0,0,0,46,0
2,2,2026,6,GUJARAT,32251,31733,85,1,0,35,0,9,40
2,2,2026,7,HARYANA,14197,13553,1,0,0,0,0,0,1
2,2,2026,8,HIMACHAL PRADESH,14416,8493,37,0,0,0,0,29,8
2,2,2026,9,MADHYA PRADESH,88192,83735,423,25,4,1,0,1,392
2,2,2026,10,MAHARASHTRA,83605,75918,649,0,1,65,0,436,147
2,2,2026,11,ODISHA,50354,28562,12,0,0,0,0,0,12
2,2,2026,12,PUNJAB,19574,17659,11,0,0,0,0,0,11
2,2,2026,13,RAJASTHAN,67628,47410,1350,73,1,33,4,982,257
2,2,2026,14,TAMIL NADU,41658,39883,79,1,0,0,1,23,54
2,2,2026,15,TRIPURA,4327,4316,5,0,0,0,0,1,4
2,2,2026,16,UTTAR PRADESH,141688,137386,492,42,20,13,55,30,332
2,2,2026,17,UTTARAKHAND,16273,15408,122,0,0,0,0,64,58
2,2,2026,18,WEST BENGAL,81824,75424,3630,0,0,27,2,255,3346
2,3,2026,1,ANDHRA PRADESH,43218,43006,5,0,0,0,0,0,5
2,3,2026,2,ASSAM,43785,41986,5,0,0,0,0,1,4
2,3,2026,3,BIHAR,65961,59272,143,5,1,7,1,0,129
2,3,2026,4,DELHI,2793,2784,2,0,0,0,0,0,2
2,3,2026,5,GOA,1216,1216,11,2,0,0,0,9,0
2,3,2026,6,GUJARAT,32251,31702,91,5,0,35,0,8,43
2,3,2026,7,HARYANA,14197,12960,2,0,0,1,0,0,1
2,3,2026,8,HIMACHAL PRADESH,14416,8956,32,0,0,0,1,24,7
2,3,2026,9,MADHYA PRADESH,88192,84612,436,19,3,3,0,1,410
2,3,2026,10,MAHARASHTRA,83605,77152,651,0,1,61,0,451,138
2,3,2026,11,MIZORAM,2481,1934,1,0,0,0,0,0,1
2,3,2026,12,ODISHA,50354,29048,9,0,0,1,0,0,8
2,3,2026,13,PUNJAB,19574,16977,11,0,0,0,0,0,11
2,3,2026,14,RAJASTHAN,67628,49528,728,86,0,24,5,424,189
2,3,2026,15,TAMIL NADU,41658,33337,98,0,0,1,0,43,54
2,3,2026,16,TRIPURA,4327,4316,6,0,0,0,0,0,6
2,3,2026,17,UTTAR PRADESH,141688,130660,847,22,19,3,21,106,676
2,3,2026,18,WEST BENGAL,81824,75604,3913,1,0,16,1,300,3595
2,4,2026,1,ASSAM,43785,17360,15,2,0,0,0,0,13
2,4,2026,2,GOA,1216,918,37,0,0,0,0,36,1
2,4,2026,3,HIMACHAL PRADESH,14416,5986,3,2,0,0,0,0,1
2,4,2026,4,MADHYA PRADESH,88192,22102,58,8,0,0,0,0,50
2,4,2026,5,MAHARASHTRA,83605,20331,227,0,0,16,0,175,36
2,4,2026,6,MIZORAM,2481,1486,1,0,0,0,0,0,1
2,4,2026,7,RAJASTHAN,67628,20276,136,37,1,12,2,26,58
2,4,2026,8,TAMIL NADU,41658,38078,197,0,0,1,0,135,61
2,4,2026,9,TRIPURA,4327,2306,9,2,0,0,0,5,2
2,4,2026,10,UTTAR PRADESH,141688,14355,299,6,8,1,14,172,98
2,4,2026,11,UTTARAKHAND,16273,9320,21,3,0,0,0,10,8
